0,website
0,0byv9mgbn0.com
0,104.com.tw
0,11st.co.kr
0,126.com
0,1337x.to
0,163.com
0,1688.com
0,178.com
0,17ok.com
0,17track.net
0,2movierulz.ac
0,360.cn
0,360.com
0,360doc.com
0,3c.tmall.com
0,3dmgame.com
0,4399.com
0,4chan.org
0,4pda.ru
0,51cto.com
0,51sole.com
0,52pojie.cn
0,58.com
0,5ch.net
0,6.cn
0,65vk1fba34.com
0,91jm.com
0,9gag.com
0,aa.com
0,abola.pt
0,abs-cbn.com
0,academia.edu
0,accuweather.com
0,adaranth.com
0,adobe.com
0,adp.com
0,afreecatv.com
0,agoda.com
0,airbnb.com
0,akoam.net
0,aksam.com.tr
0,albawabhnews.com
0,alibaba.com
0,alicdn.com
0,aliexpress.com
0,alipay.com
0,aliyun.com
0,allegro.pl
0,allocine.fr
0,alnigeringcer.pro
0,alodokter.com
0,alwafd.news
0,amazon.ca
0,amazon.cn
0,amazon.co.jp
0,amazon.co.uk
0,amazon.com
0,amazon.com.mx
0,amazon.de
0,amazon.es
0,amazon.fr
0,amazon.in
0,amazon.it
0,amazonaws.com
0,ameblo.jp
0,americanas.com.br
0,americanexpress.com
0,andhrajyothy.com
0,animeflv.net
0,anjuke.com
0,aol.com
0,aparat.com
0,apkpure.com
0,apple.com
0,appledaily.com
0,archive.org
0,archiveofourown.org
0,artstation.com
0,arxiv.org
0,as.com
0,asahi.com
0,asana.com
0,ask.com
0,asos.com
0,asus.com
0,atlassian.com
0,atlassian.net
0,att.com
0,auction.co.kr
0,audible.com
0,autodesk.com
0,avgle.com
0,avito.ru
0,axisbank.co.in
0,azure.com
0,b3z29k1uxb.com
0,babytree.com
0,baidu.com
0,baike.com
0,bancodevenezuela.com
0,bandcamp.com
0,banesconline.com
0,banggood.com
0,bankmellat.ir
0,bankofamerica.com
0,basecamp.com
0,battle.net
0,bbc.co.uk
0,bbc.com
0,beeg.com
0,behance.net
0,bellesa.co
0,best2019-games-web1.com
0,bestbuy.com
0,bet365.com
0,bet9ja.com
0,beytoote.com
0,bhphotovideo.com
0,biblegateway.com
0,bicentenariobu.com
0,bild.de
0,bilibili.com
0,billdesk.com
0,binance.com
0,bing.com
0,biobiochile.cl
0,bitbucket.org
0,bitly.com
0,blackboard.com
0,bleacherreport.com
0,blibli.com
0,blizzard.com
0,blog.jp
0,blog.me
0,blogger.com
0,blogspot.com
0,bloomberg.com
0,bnsjb1ab1e.com
0,bol.uol.com.br
0,bolasport.com
0,bongacams.com
0,booking.com
0,bookmyshow.com
0,box.com
0,bp.blogspot.com
0,breitbart.com
0,brilio.net
0,bukalapak.com
0,businessinsider.com
0,butheptesitrew.pro
0,buzzfeed.com
0,bzw315.com
0,ca.gov
0,caijing.com.cn
0,caixa.gov.br
0,caliente.mx
0,cam4.com
0,cambridge.org
0,canada.ca
0,canalrcn.com
0,canva.com
0,capitalone.com
0,cbbp1.com
0,cbsnews.com
0,cbssports.com
0,ccleaner.com
0,ccm.net
0,cctv.com
0,cdiscount.com
0,cdninstagram.com
0,cdstm.cn
0,chase.com
0,chaturbate.com
0,chatwork.com
0,chegg.com
0,chess.com
0,china.com.cn
0,chinaz.com
0,chip.de
0,chiphell.com
0,chouftv.ma
0,chron.com
0,cima4u.tv
0,cimaclub.com
0,cinecalidad.to
0,cisco.com
0,citi.com
0,cjl58f3agc.com
0,clarin.com
0,cloudflare.com
0,cloudfront.net
0,cnbc.com
0,cnbeta.com
0,cnblogs.com
0,cnet.com
0,cnn.com
0,cnnindonesia.com
0,cnzz.com
0,codecanyon.net
0,codepen.io
0,coinbase.com
0,coinmarketcap.com
0,concursolutions.com
0,constantcontact.com
0,corriere.it
0,costco.com
0,coupang.com
0,coursera.org
0,craigslist.org
0,creditkarma.com
0,creditonebank.com
0,cricbuzz.com
0,crptgate.com
0,crunchbase.com
0,crunchyroll.com
0,cryptobrowser.site
0,csdn.net
0,ctfile.com
0,ctrip.com
0,curseforge.com
0,dafont.com
0,dailymail.co.uk
0,dailymotion.com
0,dailypost.ng
0,daum.net
0,dawmal.com
0,dawn.com
0,dcard.tw
0,dcinside.com
0,dell.com
0,deloplen.com
0,delta.com
0,depositphotos.com
0,detail.tmall.com
0,detik.com
0,deviantart.com
0,dhl.de
0,dianping.com
0,dictionary.com
0,digikala.com
0,discogs.com
0,discordapp.com
0,discover.com
0,discuss.com.hk
0,divar.ir
0,dkn.tv
0,dmm.co.jp
0,dmm.com
0,doc88.com
0,docusign.com
0,docusign.net
0,Domain
0,donga.com
0,doorblog.jp
0,douban.com
0,doubleclick.net
0,douyu.com
0,downdetector.com
0,dribbble.com
0,drive2.ru
0,drom.ru
0,dropbox.com
0,drudgereport.com
0,dspmulti.com
0,duba.com
0,duckduckgo.com
0,duolingo.com
0,dw.com
0,dytt8.net
0,e-hentai.org
0,ea.com
0,eastday.com
0,ebay-kleinanzeigen.de
0,ebay.co.uk
0,ebay.com
0,ebay.com.au
0,ebay.de
0,ebay.fr
0,ebay.it
0,ebc.net.tw
0,ecleneue.com
0,ecosia.org
0,eksisozluk.com
0,elbalad.news
0,elmogaz.com
0,elmundo.es
0,elpais.com
0,elsevier.com
0,elwatannews.com
0,emol.com
0,engadget.com
0,ensonhaber.com
0,envato.com
0,epfindia.gov.in
0,epicgames.com
0,eporner.com
0,err.tmall.com
0,eshkol.io
0,espn.com
0,espncricinfo.com
0,etsy.com
0,ettoday.net
0,europa.eu
0,eventbrite.com
0,evernote.com
0,exhentai.org
0,exoclick.com
0,expedia.com
0,express.co.uk
0,expressvpn.com
0,eyny.com
0,facebook.com
0,fandom.com
0,fanfiction.net
0,farfetch.com
0,fast.com
0,fazenda.gov.br
0,fbsbx.com
0,fc2.com
0,fedex.com
0,feedly.com
0,feng.com
0,fidelity.com
0,filehippo.com
0,files.wordpress.com
0,fiverr.com
0,flaticon.com
0,flickr.com
0,flipkart.com
0,flvto.biz
0,fmovies.to
0,food.tmall.com
0,forbes.com
0,force.com
0,foxnews.com
0,free.fr
0,freejobalert.com
0,freepik.com
0,friv.com
0,fullhdfilmizlesene.net
0,gamepedia.com
0,gamer.com.tw
0,gamersky.com
0,gamespot.com
0,gamib.com
0,gazeta.ru
0,gearbest.com
0,geeksforgeeks.org
0,genius.com
0,getawesome2.com
0,getbootstrap.com
0,getpocket.com
0,gfycat.com
0,giphy.com
0,gismeteo.ru
0,github.com
0,gitlab.com
0,gizmodo.com
0,glassdoor.com
0,globo.com
0,gloyah.net
0,gmanetwork.com
0,gmarket.co.kr
0,gmw.cn
0,gmx.net
0,go.com
0,goal.com
0,godaddy.com
0,gogoanime.io
0,gome.com.cn
0,goo.ne.jp
0,goodreads.com
0,google.at
0,google.az
0,google.be
0,google.ca
0,google.ch
0,google.cl
0,google.cn
0,google.co.ao
0,google.co.id
0,google.co.in
0,google.co.jp
0,google.co.kr
0,google.co.th
0,google.co.uk
0,google.co.ve
0,google.co.za
0,google.com
0,google.com.ar
0,google.com.au
0,google.com.br
0,google.com.co
0,google.com.eg
0,google.com.hk
0,google.com.mx
0,google.com.pe
0,google.com.pk
0,google.com.sa
0,google.com.sg
0,google.com.tr
0,google.com.tw
0,google.com.ua
0,google.com.vn
0,google.de
0,google.dz
0,google.es
0,google.fr
0,google.gr
0,google.it
0,google.nl
0,google.pl
0,google.pt
0,google.ro
0,google.ru
0,google.sk
0,googlevideo.com
0,gosuslugi.ru
0,gotporn.com
0,gov.ao
0,grammarly.com
0,grid.id
0,groupon.com
0,gsmarena.com
0,gstatic.com
0,gtarcade.com
0,gyazo.com
0,hamariweb.com
0,hao123.com
0,harvard.edu
0,hatena.ne.jp
0,hatenablog.com
0,hdfcbank.com
0,healthline.com
0,heavy.com
0,hepsiburada.com
0,heroesofrpg.com
0,hesport.com
0,hespress.com
0,hh.ru
0,hm.com
0,homedepot.com
0,hootsuite.com
0,hotels.com
0,hotnewhiphop.com
0,hotstar.com
0,howtogeek.com
0,hp.com
0,huanqiu.com
0,huawei.com
0,hubspot.com
0,huffpost.com
0,hulu.com
0,hupu.com
0,hurriyet.com.tr
0,huya.com
0,ibm.com
0,ibps.in
0,icicibank.com
0,icloud.com
0,idntimes.com
0,ieee.org
0,ifeng.com
0,ign.com
0,ikea.com
0,ilovepdf.com
0,imdb.com
0,imgur.com
0,impress.co.jp
0,in.gr
0,incometaxindiaefiling.gov.in
0,indeed.com
0,independent.co.uk
0,indiamart.com
0,indiatimes.com
0,indiatoday.in
0,indosport.com
0,indoxxi.show
0,indoxxi.studio
0,infobae.com
0,inquirer.net
0,instagram.com
0,instructure.com
0,intel.com
0,intentmedia.net
0,interia.pl
0,internetdownloadmanager.com
0,intoday.in
0,intuit.com
0,inven.co.kr
0,investing.com
0,investopedia.com
0,iqiyi.com
0,iqoption.com
0,irctc.co.in
0,issuu.com
0,istockphoto.com
0,ithome.com
0,itmedia.co.jp
0,ivi.ru
0,japanpost.jp
0,jb51.net
0,jd.com
0,jf71qh5v14.com
0,jiameng.com
0,jianshu.com
0,jma.go.jp
0,joins.com
0,jooble.org
0,jrj.com.cn
0,jugantor.com
0,jumia.com.ng
0,justdial.com
0,jw.org
0,kakaku.com
0,kakao.com
0,kapanlagi.com
0,kaskus.co.id
0,kayak.com
0,kerumal.com
0,khanacademy.org
0,kickstarter.com
0,kijiji.ca
0,kinopoisk.ru
0,kissanime.ru
0,kizlarsoruyor.com
0,kknews.cc
0,klix.ba
0,kompas.com
0,kompasiana.com
0,kooora.com
0,kotaku.com
0,kp.ru
0,kumparan.com
0,l6b587txj1.com
0,labanquepostale.fr
0,ladbible.com
0,lazada.sg
0,leagueoflegends.com
0,leboncoin.fr
0,lefigaro.fr
0,legit.ng
0,lemonde.fr
0,lenovo.com
0,lenta.ru
0,libero.it
0,lifewire.com
0,lifo.gr
0,line.me
0,linkedin.com
0,liputan6.com
0,list-manage.com
0,list.tmall.com
0,live.com
0,live.net
0,livedoor.com
0,livedoor.jp
0,livejasmin.com
0,livejournal.com
0,livescore.com
0,login.tmall.com
0,lordsfilm.tv
0,lowes.com
0,ltn.com.tw
0,lun.com
0,macys.com
0,mail.ru
0,mailchimp.com
0,makeuseof.com
0,mama.cn
0,manoramaonline.com
0,marca.com
0,marketwatch.com
0,marriott.com
0,mathrubhumi.com
0,mawdoo3.com
0,mayoclinic.org
0,media.tumblr.com
0,mediafire.com
0,medium.com
0,meetup.com
0,mega.nz
0,memurlar.net
0,mercadolibre.com.ar
0,mercadolibre.com.mx
0,mercadolibre.com.ve
0,mercadolivre.com.br
0,mercari.com
0,merdeka.com
0,merriam-webster.com
0,messenger.com
0,metropoles.com
0,mgid.com
0,mi.com
0,microsoft.com
0,microsoftonline.com
0,mileroticos.com
0,milliyet.com.tr
0,minecraft.net
0,mit.edu
0,mlb.com
0,mobile.de
0,momoshop.com.tw
0,moneycontrol.com
0,moocauby.com
0,motor1.com
0,motorsport.com
0,mozilla.org
0,mptentry.com
0,msn.com
0,myanimelist.net
0,myanmarload.com
0,myfreecams.com
0,mynet.com
0,myntra.com
0,myornamenti.com
0,myshopify.com
0,myway.com
0,myworkday.com
0,n11.com
0,namasha.com
0,namnak.com
0,namu.wiki
0,narcity.com
0,nate.com
0,nature.com
0,naukri.com
0,naver.com
0,naver.jp
0,nba.com
0,nbcnews.com
0,ndtv.com
0,neobux.com
0,netflix.com
0,newegg.com
0,news18.com
0,nexon.com
0,nextdoor.com
0,nexusmods.com
0,nga.cn
0,nhentai.net
0,nhk.or.jp
0,nianhuo.tmall.com
0,nicovideo.jp
0,nih.gov
0,nike.com
0,nikkei.com
0,ninisite.com
0,norton.com
0,notifications.website
0,nownews.com
0,npr.org
0,ntdtv.kr
0,ntralpenedhy.pro
0,nur.kz
0,nvidia.com
0,nvzhuang.tmall.com
0,nyaa.si
0,nypost.com
0,nytimes.com
0,office.com
0,office365.com
0,ok.ru
0,okezone.com
0,okta.com
0,olx.com.br
0,olx.pl
0,olx.ua
0,onet.pl
0,onlinesbi.com
0,onlinevideoconverter.com
0,op.gg
0,openload.co
0,oracle.com
0,orange.fr
0,oschina.net
0,otvfoco.com.br
0,ouedkniss.com
0,ouo.io
0,outbrain.com
0,ozon.ru
0,pages.tmall.com
0,panda.tv
0,pandora.com
0,pantip.com
0,patch.com
0,patreon.com
0,patria.org.ve
0,paypal.com
0,paytm.com
0,payu.in
0,pcgamer.com
0,pchome.com.tw
0,pelisplus.co
0,pexels.com
0,phengung.net
0,pikabu.ru
0,pinimg.com
0,pinterest.com
0,pixabay.com
0,pixiv.net
0,pixnet.net
0,playstation.com
0,pngtree.com
0,pole-emploi.fr
0,politico.com
0,polygon.com
0,popads.net
0,popcash.net
0,pornhub.com
0,pornhublive.com
0,pornpics.com
0,pornq.com
0,poste.it
0,primevideo.com
0,prnt.sc
0,prom.ua
0,propdfconverter.com
0,prothomalo.com
0,provincial.com
0,ptt.cc
0,pulzo.com
0,punchng.com
0,python.org
0,qj.com.cn
0,qq.com
0,qualtrics.com
0,quintag.com
0,quizlet.com
0,quora.com
0,rakuten.co.jp
0,rakuten.com
0,rambler.ru
0,Rank
0,rapidgator.net
0,rarbg.to
0,rarbgprx.org
0,rbc.ru
0,reallifecam.com
0,realtor.com
0,reclameaqui.com.br
0,redd.it
0,reddit.com
0,redfin.com
0,rediff.com
0,rednet.cn
0,redtube.com
0,repubblica.it
0,researchgate.net
0,reuters.com
0,reverso.net
0,ria.ru
0,roblox.com
0,rottentomatoes.com
0,royalbank.com
0,rt.com
0,ruliweb.com
0,runoob.com
0,ruten.com.tw
0,rutor.info
0,rutracker.org
0,sahibinden.com
0,sakshi.com
0,salesforce.com
0,samsung.com
0,sarkariresult.com
0,savefrom.net
0,sberbank.ru
0,sci-hub.tw
0,sciencedirect.com
0,scol.com.cn
0,scribd.com
0,sdpnoticias.com
0,searchdimension.com
0,seasonvar.ru
0,secureserver.net
0,segmentfault.com
0,semanticscholar.org
0,service-now.com
0,setare.com
0,setn.com
0,sex.com
0,seznam.cz
0,shaparak.ir
0,shein.com
0,shimo.im
0,shopee.co.id
0,shopee.tw
0,shopify.com
0,shutterstock.com
0,sina.com.cn
0,sindonews.com
0,siteadvisor.com
0,skype.com
0,slack.com
0,slickdeals.net
0,slideshare.net
0,smallpdf.com
0,smzdm.com
0,so.com
0,socialblade.com
0,softonic.com
0,sogou.com
0,sohu.com
0,sonyliv.com
0,soso.com
0,soundcloud.com
0,souq.com
0,sourceforge.net
0,southwest.com
0,sozcu.com.tr
0,spankbang.com
0,spectrum.net
0,speedtest.net
0,spiegel.de
0,spotify.com
0,springer.com
0,sputniknews.com
0,square-enix.com
0,squarespace.com
0,stackexchange.com
0,stackoverflow.com
0,state.gov
0,steamcommunity.com
0,steampowered.com
0,storiespace.com
0,storm.mg
0,strava.com
0,stremanp.com
0,suara.com
0,subito.it
0,subject.tmall.com
0,subscene.com
0,superuser.com
0,surveymonkey.com
0,susm0q6jys.com
0,sxyprn.com
0,t-online.de
0,t.co
0,t.me
0,t66y.com
0,tabelog.com
0,taboola.com
0,taleo.net
0,tandfonline.com
0,taobao.com
0,target.com
0,td.com
0,teamviewer.com
0,tebyan.net
0,techradar.com
0,techtudo.com.br
0,telegram.org
0,telegraph.co.uk
0,telewebion.com
0,tencent.com
0,tenki.jp
0,theepochtimes.com
0,thefreedictionary.com
0,theguardian.com
0,thehindu.com
0,themeforest.net
0,thepiratebay.org
0,thesaurus.com
0,thestartmagazine.com
0,thesun.co.uk
0,theverge.com
0,thewhizmarketing.com
0,thingiverse.com
0,tianya.cn
0,timeanddate.com
0,tistory.com
0,tmall.com
0,tokopedia.com
0,toutiao.com
0,tradingview.com
0,trello.com
0,trendingnow.video
0,tribunnews.com
0,tripadvisor.com
0,trustpilot.com
0,tsinghua.edu.cn
0,tumblr.com
0,turkiye.gov.tr
0,tutorialspoint.com
0,twimg.com
0,twitch.tv
0,twitter.com
0,uber.com
0,udemy.com
0,udn.com
0,uidai.gov.in
0,ukr.net
0,ultimate-guitar.com
0,uniqlo.com
0,uniqlo.tmall.com
0,unsplash.com
0,uol.com.br
0,ups.com
0,uptobox.com
0,uptodown.com
0,upwork.com
0,urbandictionary.com
0,urdupoint.com
0,usaa.com
0,usatoday.com
0,usbank.com
0,userapi.com
0,usps.com
0,utorrent.com
0,uzone.id
0,v2ex.com
0,varzesh3.com
0,verizonwireless.com
0,verystream.com
0,vice.com
0,vidio.com
0,vimeo.com
0,visualstudio.com
0,viva.co.id
0,vk.com
0,vnexpress.net
0,vtv.vn
0,w3schools.com
0,walmart.com
0,washingtonpost.com
0,wattpad.com
0,wayfair.com
0,weather.com
0,web.de
0,webex.com
0,weblio.jp
0,webmd.com
0,weebly.com
0,weibo.cn
0,weibo.com
0,wellsfargo.com
0,westernjournal.com
0,wetransfer.com
0,whatsapp.com
0,wikihow.com
0,wikimedia.org
0,wikipedia.org
0,wiktionary.org
0,wildberries.ru
0,wiley.com
0,wish.com
0,wix.com
0,wixsite.com
0,wondershare.com
0,wordpress.com
0,wordpress.org
0,wordreference.com
0,wowhead.com
0,wp.com
0,wp.pl
0,wsj.com
0,wunderground.com
0,www.gov.uk
0,wysasys.com
0,xbombo.com
0,xda-developers.com
0,xe.com
0,xfinity.com
0,xhamster.com
0,xinhuanet.com
0,xnxx.com
0,xvideos.com
0,y2mate.com
0,yadi.sk
0,yahoo.co.jp
0,yahoo.com
0,yallakora.com
0,yandex.com
0,yandex.kz
0,yandex.ru
0,yao.tmall.com
0,yaplakal.com
0,yelp.com
0,yespornplease.com
0,youdao.com
0,youjizz.com
0,youku.com
0,youm7.com
0,youporn.com
0,youth.cn
0,youtube.com
0,yr9n47004g.com
0,ytimg.com
0,ytmp3.cc
0,yts.lt
0,yy.com
0,zara.com
0,zendesk.com
0,zhanqi.tv
0,zhaopin.com
0,zhiding.cn
0,zhihu.com
0,zillow.com
0,zippyshare.com
0,zoho.com
0,zol.com.cn
0,zoom.us